{"version": "dixon-coles-1.0.0", "fitted_at": "2026-06-17T20:40:41+00:00", "n_matches": 15699, "half_life_days": 540.0, "home_adv": 0.21522884547806403, "rho": -0.07, "attack": {"abkhazia": -0.4293397435919647, "afghanistan": -1.024492489112787, "aland islands": -1.8331352984981673, "albania": 0.39729053970960715, "alderney": -1.4555606983735607, "algeria": 1.1592378961663408, "american samoa": -2.2009250722364557, "andorra": -0.7431495130893689, "angola": 0.46410470714767654, "anguilla": -1.5718416074609938, "antigua and barbuda": -1.1757244472338473, "argentina": 1.4623965329616928, "armenia": 0.43016406869655044, "artsakh": -0.2644876535377531, "aruba": -0.3688245346476557, "australia": 0.9913916971143952, "austria": 1.1858282762747594, "azerbaijan": 0.1618307822329908, "bahamas": -1.1248197302949048, "bahrain": 0.32325557736659605, "bangladesh": -0.689500418889629, "barawa": -1.1337235409715383, "barbados": -0.49703856157551557, "basque country": 1.305647727184656, "belarus": 0.6643290893510828, "belgium": 1.3933869788478481, "belize": -0.5107074267151908, "benin": 0.47103104452571054, "bermuda": 0.05044152596858116, "bhutan": -1.4778237978902051, "bolivia": 0.5422850819315771, "bonaire": -0.8740650035319206, "bosnia": 0.6665198288779721, "botswana": 0.034827938288407564, "brazil": 1.556238994232189, "british virgin islands": -0.8198696304073415, "brunei": -1.1833208291959276, "bulgaria": 0.46920943431526246, "burkina faso": 0.8499119580910801, "burundi": 0.09036150378904187, "cambodia": -0.3639559595225585, "cameroon": 0.6419386763010656, "canada": 0.864851824358405, "cape verde": 0.49020086999860335, "catalonia": 1.2849004847007475, "cayman islands": -1.0891594420768111, "central african republic": 0.2794664425872762, "chad": -0.2252824625287101, "chagos islands": -1.5986433456010112, "chile": 1.041698607242431, "china": 0.16804197913235439, "colombia": 1.4277860501011577, "comoros": 0.38268411091325893, "congo": 0.06375555538457983, "cook islands": -2.613643872833096, "costa rica": 0.6015835368506878, "county of nice": 0.05762770368057583, "croatia": 1.2191150105731023, "cuba": -0.3032057346768921, "curacao": 0.3126813102269569, "cyprus": 0.43101571528767335, "czech republic": 1.0413162781958742, "denmark": 1.26378544004495, "djibouti": -0.26894816401443994, "dominica": -0.9579405866444433, "dominican republic": 0.19197504630233445, "dr congo": 0.5975391292831919, "ecuador": 0.8670929741972039, "egypt": 0.77542986369263, "el salvador": -0.3354557301713797, "ellan vannin": -0.47785600111595095, "england": 1.3539644100994364, "equatorial guinea": 0.08010767930772152, "eritrea": -0.5948682419100465, "estonia": 0.2703396844383454, "eswatini": 0.11385794862752725, "ethiopia": 0.22303188538900423, "falkland islands": -1.4243874102059397, "faroe islands": 0.1817107218258721, "felvidek": -0.9431829240075776, "fiji": -0.7383112577067531, "finland": 0.6504117134465589, "france": 1.5237701090696876, "french guiana": -0.15209214041848873, "frya": -2.0266563459444757, "gabon": 0.6268609999922601, "gambia": 0.7106718222858479, "georgia": 0.9151866138386194, "germany": 1.6032579642166536, "ghana": 0.6436463928519053, "gibraltar": -0.3198339725871143, "gotland": -0.45916683456978413, "gozo": -1.339377917015849, "greece": 0.9990589686758173, "greenland": -1.1960756500632226, "grenada": -0.46932848269652383, "guadeloupe": -0.03449627162699255, "guam": -1.3760707040394027, "guatemala": 0.3385750962963059, "guernsey": -0.8535109806646028, "guinea": 0.5421234532995388, "guinea bissau": -0.09680817174751521, "guyana": 0.10400958934096162, "haiti": 0.6002531046142192, "hitra": -0.611959124575712, "honduras": 0.28589680375463555, "hong kong": -0.2525594257415342, "hungary": 0.8482586179419743, "iceland": 0.8856376007844275, "india": -0.5249096179221692, "indonesia": 0.20652846767065478, "iran": 1.0767982537986351, "iraq": 0.49682168021203005, "iraqi kurdistan": 0.013966172002409917, "ireland": 0.6681805913916822, "isle of man": -0.036343031743119286, "isle of wight": -0.632715670810364, "israel": 1.0611984234891696, "italy": 1.2309759073756723, "ivory coast": 0.8707872073741989, "jamaica": 0.16888166950880346, "japan": 1.252735317021516, "jersey": -0.24324099226073653, "jordan": 0.8461859739200357, "karpatalja": -0.10880005809031483, "kazakhstan": 0.3380412695223208, "kenya": 0.2845694528460475, "kosovo": 0.8977861237759923, "kuwait": 0.3756643601635697, "kyrgyzstan": 0.1693598793689522, "laos": -0.5739796370911453, "latvia": 0.017940247314522158, "lebanon": -0.09996781819562511, "lesotho": -0.08897880955830123, "liberia": 0.1736454492405914, "libya": 0.37591959676959885, "liechtenstein": -1.0798287938829372, "lithuania": -0.022066561731401885, "luxembourg": 0.04669609860921289, "macau": -1.92081075137963, "macedonia": 0.4689101456456533, "madagascar": 0.5885242986631586, "malawi": -0.031829574844415835, "malaysia": 0.09378120911713743, "maldives": -0.8846456328293016, "mali": 0.6341755375212179, "malta": 0.15069768633148925, "martinique": -0.26187771502636475, "matabeleland": -1.297530087157643, "mauritania": 0.02541872111623461, "mauritius": -0.3612476605983686, "mayotte": -0.6515347298626994, "menorca": -1.1535956508276841, "mexico": 1.0209021653042172, "moldova": 0.18547620423874206, "monaco": -2.1678701465225254, "mongolia": -1.3805653961002105, "montenegro": 0.5086801789950839, "montserrat": -0.6253761476480022, "morocco": 1.052283910516867, "mozambique": 0.4303906921712884, "myanmar": -0.35131867778069586, "namibia": -0.08394111256501163, "nepal": -0.8784728993717995, "netherlands": 1.4997478902031451, "new caledonia": -0.49702436498460584, "new zealand": 0.45372117074705476, "nicaragua": -0.12280499246202506, "niger": 0.48906035728132397, "nigeria": 1.0213478906771076, "north korea": 0.3544750944640003, "northern cyprus": -0.2054428684771488, "northern ireland": 0.6506259572655968, "northern mariana islands": -1.6881343766537218, "norway": 1.4663381195330782, "occitania": -0.024430804473979578, "oman": 0.2153277582446949, "orkney": -1.0159977764238928, "padania": -0.24481620626926703, "pakistan": -0.6726475011209836, "palestine": 0.11536929242871154, "panama": 0.7189745513404328, "panjab": -0.572444894417533, "papua new guinea": -0.885181011696235, "paraguay": 0.8717140922454942, "peru": 0.5877521198039375, "philippines": -0.08218171985891491, "poland": 0.997389983116451, "portugal": 1.478492987619569, "provence": 0.45950150802602263, "puerto rico": -0.26284789659849417, "qatar": 0.5806129109522118, "raetia": -1.2931921700146032, "reunion": 0.1244519106827856, "romania": 0.792970234069413, "russia": 0.8960562326274031, "rwanda": 0.07329459929516324, "saare county": -0.8556412157428275, "saint barthelemy": 0.05080725094051662, "saint helena": -1.9924761103210218, "saint kitts and nevis": -0.41334977268845524, "saint lucia": -0.570066266626471, "saint martin": -0.2994617587316151, "saint vincent and the grenadines": -0.11110475434830931, "samoa": -1.6677211172725872, "san marino": -0.780089827789477, "sao tome and principe": -0.2425567038461163, "sapmi": -0.3177486670688536, "saudi arabia": 0.5447565872407218, "scotland": 0.9960017909609845, "sealand": -1.152170023879809, "senegal": 1.1201868535575668, "serbia": 0.891019866807076, "seychelles": -1.095048799212157, "shetland": -0.5122496033845233, "sierra leone": 0.2601328365755963, "singapore": -0.21377681835841, "sint maarten": -0.4154143210882962, "slovakia": 0.7993256218666082, "slovenia": 0.6396762758974008, "solomon islands": -0.759294275669508, "somalia": -0.5823721221572212, "south africa": 0.5566223710811108, "south korea": 1.0002447408456872, "south ossetia": -0.2959867490835154, "south sudan": -0.32278607937006604, "spain": 1.5527919366547447, "sri lanka": -1.0828207057235353, "sudan": -0.04314749429611887, "suriname": 0.1811471030096422, "sweden": 1.3550926828475776, "switzerland": 1.273045733990076, "syria": 0.3652944982054015, "szekely land": -0.4809840608823927, "tahiti": -0.9043150714375285,